<?xml version="1.0" encoding="utf-8"?>
<Configuration>

	<!--These are some of the loggers you can enable. There are several more 
		you can find in the documentation. Besides this log4j configuration, you 
		can also use Java VM environment variables to enable other logs like network 
		(-Djavax.net.debug=ssl or all) and Garbage Collector (-XX:+PrintGC). These 
		will be append to the console, so you will see them in the mule_ee.log file. -->


	<Appenders>
		<RollingFile name="file"
			fileName="${sys:mule.home}${sys:file.separator}logs${sys:file.separator}b1_sync_tplan.log"
			filePattern="${sys:mule.home}${sys:file.separator}logs${sys:file.separator}b1_sync_tplan-%i.log">
			<PatternLayout pattern="%d [%t] %-5p %c - %m%n" />
			<SizeBasedTriggeringPolicy size="10 MB" />
			<DefaultRolloverStrategy max="100" />
		</RollingFile>
		<RollingFile name="failedEmails"
			fileName="${sys:mule.home}${sys:file.separator}logs${sys:file.separator}b1_sync_tplan_email.log"
			filePattern="${sys:mule.home}${sys:file.separator}logs${sys:file.separator}b1_sync_tplan_email-%i.log">
			<PatternLayout pattern="%d [%t] %-5p %c - %m%n" />
			<SizeBasedTriggeringPolicy size="10 MB" />
			<DefaultRolloverStrategy max="100" />
		</RollingFile>
		<RollingFile name="fatalError"
			fileName="${sys:mule.home}${sys:file.separator}logs${sys:file.separator}b1_sync_tplan_fatal.log"
			filePattern="${sys:mule.home}${sys:file.separator}logs${sys:file.separator}b1_sync_tplan_fatal-%i.log">
			<PatternLayout pattern="%d [%t] %-5p %c - %m%n" />
			<SizeBasedTriggeringPolicy size="10 MB" />
			<DefaultRolloverStrategy max="100" />
		</RollingFile>
	</Appenders>
	<Loggers level="WARN">

		<!-- JMC Logger de Emails -->
		<AsyncLogger name="jmc_email.log" ref="file" level="DEBUG">
			<AppenderRef ref="failedEmails" />
		</AsyncLogger>

		<!-- JMC Logger de errores -->
		<AsyncLogger name="jmc_fatal.log" ref="file" level="DEBUG">
			<AppenderRef ref="fatalError" />
			<AppenderRef ref="file" />
		</AsyncLogger>

		<!-- JMC Logger de Flows -->
		<AsyncLogger name="jmc.log" ref="file" level="DEBUG">
			<AppenderRef ref="file" />
		</AsyncLogger>

		<!-- JMC Logger de Java -->
		<AsyncLogger name="jmc_java.log" level="DEBUG">
			<AppenderRef ref="file" />
		</AsyncLogger>

		<!-- Http Logger shows wire traffic on DEBUG -->
		<AsyncLogger name="org.mule.module.http.internal.HttpMessageLogger"
			level="WARN">
			<AppenderRef ref="file" />
		</AsyncLogger>

		<!-- JDBC Logger shows queries and parameters values on DEBUG -->
		<AsyncLogger name="com.mulesoft.mule.transport.jdbc"
			level="WARN">
			<AppenderRef ref="file" />
		</AsyncLogger>

		<!-- CXF is used heavily by Mule for web services -->
		<AsyncLogger name="org.apache.cxf" level="WARN">
			<AppenderRef ref="file" />
		</AsyncLogger>

		<!-- Apache Commons tend to make a lot of noise which can clutter the log -->
		<AsyncLogger name="org.apache" level="WARN">
			<AppenderRef ref="file" />
		</AsyncLogger>

		<!-- Reduce startup noise -->
		<AsyncLogger name="org.springframework.beans.factory"
			level="WARN">
			<AppenderRef ref="file" />
		</AsyncLogger>

		<!-- Mule classes -->
		<AsyncLogger name="org.mule" level="INFO">
			<AppenderRef ref="file" />
		</AsyncLogger>

		<AsyncLogger name="com.mulesoft" level="INFO">
			<AppenderRef ref="file" />
		</AsyncLogger>

		<!-- Reduce DM verbosity -->
		<AsyncLogger name="org.jetel" level="WARN">
			<AppenderRef ref="file" />
		</AsyncLogger>

		<AsyncLogger name="Tracking" level="WARN">
			<AppenderRef ref="file" />
		</AsyncLogger>

	</Loggers>
</Configuration>